adress,title,description,members
a114a,"
ุฏุฑ ูุญุถุฑ ุงูุงู ุฒูุงู ุนุฌ ุงููู ุชุนุงู ูุฑุฌู...",๐ดูู_ูุงู ๐ . โข ูููู ููุนููููู ุฃูููู ููุง ูููุชููู โขู ูุฑฺฉุฌุง ุจุงุดุฏุุงู ุจุง ุดูุงุณุชู๐ป๐ฑ,194
a114a,"
ุฏุฑ ูุญุถุฑ ุงูุงู ุฒูุงู ุนุฌ ุงููู ุชุนุงู ูุฑุฌู...",๐ดูู_ูุงู ๐ . โข ูููู ููุนููููู ุฃูููู ููุง ูููุชููู โขู ูุฑฺฉุฌุง ุจุงุดุฏุุงู ุจุง ุดูุงุณุชู๐ป๐ฑ,194
a114a,"
ุฏุฑ ูุญุถุฑ ุงูุงู ุฒูุงู ุนุฌ ุงููู ุชุนุงู ูุฑุฌู...",๐ดูู_ูุงู ๐ . โข ูููู ููุนููููู ุฃูููู ููุง ูููุชููู โขู ูุฑฺฉุฌุง ุจุงุดุฏุุงู ุจุง ุดูุงุณุชู๐ป๐ฑ,194
a114a,"
ุฏุฑ ูุญุถุฑ ุงูุงู ุฒูุงู ุนุฌ ุงููู ุชุนุงู ูุฑุฌู...",๐ดูู_ูุงู ๐ . โข ูููู ููุนููููู ุฃูููู ููุง ูููุชููู โขู ูุฑฺฉุฌุง ุจุงุดุฏุุงู ุจุง ุดูุงุณุชู๐ป๐ฑ,194
a114a,"
ุฏุฑ ูุญุถุฑ ุงูุงู ุฒูุงู ุนุฌ ุงููู ุชุนุงู ูุฑุฌู...",๐ดูู_ูุงู ๐ . โข ูููู ููุนููููู ุฃูููู ููุง ูููุชููู โขู ูุฑฺฉุฌุง ุจุงุดุฏุุงู ุจุง ุดูุงุณุชู๐ป๐ฑ,194
